COUNTRY_CODE,COUNTRY,avg_tavg,std_tavg,avg_prcp,std_prcp,std_tavg_scaled,std_prcp_scaled,temp_index,prcp_index,climate_index
AF,Afghanistan,14.094323352854337,2.408790861498577,2.558401017056728,5.938910470472531,5.1124087409101815,1.6475382313866693,0.9949748743718593,0.7738693467336684,0.8844221105527639
AL,Albania,16.371148159668362,0.6006236398822385,5.3204725006705,3.1038935748448293,1.2747613732729446,0.8610642231664113,0.6733668341708543,0.45226130653266333,0.5628140703517588
AG,Algeria,19.919129679251576,0.48201275602852095,1.292381784203714,1.62493545525811,1.0230220757385886,0.45078020613104663,0.5879396984924623,0.22110552763819097,0.40452261306532666
AQ,American Samoa [United States],27.67104978910112,0.06484253915072763,10.88310144330834,2.7423988740532397,0.13762156326463065,0.7607804517644084,0.01507537688442211,0.3869346733668342,0.20100502512562815
AO,Angola,24.488995982014554,0.40960747671273373,6.266257510435891,17.454581670534765,0.8693493809527144,4.8421492053203075,0.5025125628140703,0.964824120603015,0.7336683417085427
AY,Antarctica,-8.13404215013969,0.3517812327946832,3.1648693983086953,7.138838254419185,0.7466191765227934,1.9804152647725424,0.4120603015075377,0.8341708542713567,0.6231155778894473
AR,Argentina,16.75523596193481,0.22002132378293068,5.562312749754347,2.286652982936768,0.46697243703203434,0.6343500596672481,0.24120603015075376,0.32663316582914576,0.28391959798994976
AM,Armenia,7.312352816490685,0.9476240833932825,5.043495988959719,13.748557826898336,2.0112338204499944,3.814045481720013,0.9045226130653267,0.949748743718593,0.9271356783919598
AS,Australia,19.123621225402427,0.19688115035125747,1.9929948453611772,1.0019910248202386,0.41785981924143684,0.27796656122453794,0.20100502512562815,0.12060301507537688,0.16080402010050251
AU,Austria,6.777628379435665,0.6551886862412276,3.96121512554158,0.8885108875657323,1.3905700241660806,0.24648555716506268,0.7185929648241206,0.10050251256281408,0.40954773869346733
AJ,Azerbaijan,14.243361173703372,0.5395244184868967,11.531824923058949,7.520320781294376,1.1450846136517205,2.0862439434094275,0.6482412060301508,0.8492462311557789,0.7487437185929648
BF,"Bahamas, The",26.123259020954304,0.4463155682087182,4.595591631617652,2.83735055147291,0.9472584974417436,0.7871213975424232,0.542713567839196,0.41708542713567837,0.4798994974874372
BA,Bahrain,27.366738524965857,0.535939125236604,5.888030636332267,14.14387671389244,1.1374752006285744,3.923712563443202,0.6432160804020101,0.9547738693467337,0.7989949748743719
BG,Bangladesh,25.575997360710943,0.3655685094032105,5.812045099385503,5.17649299923828,0.7758812409773763,1.4360327812909328,0.4321608040201005,0.7286432160804021,0.5804020100502513
BB,Barbados,27.19217644802628,0.09368565345397586,4.296219465724649,8.969668015644688,0.19883808149206203,2.4883134797357904,0.04020100502512563,0.8894472361809045,0.46482412060301503
BO,Belarus,6.749742304317224,1.058435655337164,2.814182771147598,0.5932493763221395,2.246419887474283,0.16457581455328035,0.9296482412060302,0.035175879396984924,0.4824120603015076
BE,Belgium,11.048028222987652,0.7224268664350312,3.4046769758957924,1.0386781448428148,1.5332760870460431,0.28814409010583397,0.7889447236180904,0.1407035175879397,0.46482412060301503
BH,Belize,27.365908688190224,0.24547770171759528,4.998406849262255,4.213515638285807,0.5210009586215452,1.1688891652998998,0.2914572864321608,0.6331658291457286,0.4623115577889447
BN,Benin,27.536682555488298,0.09447813634125979,7.065864356370763,2.8261830990731256,0.2005200442164853,0.784023387416271,0.05527638190954774,0.4120603015075377,0.23366834170854273
BD,Bermuda [United Kingdom],22.183086093915705,0.4906112813583854,4.164334343320289,1.907490544337831,1.0412715538306752,0.5291650065159339,0.6030150753768844,0.2663316582914573,0.4346733668341708
BL,Bolivia,23.71093591218224,0.22355692831846594,8.603149528788736,1.4497461043772635,0.47447639091229227,0.40218018854481696,0.24623115577889448,0.20100502512562815,0.22361809045226133
BK,Bosnia and Herzegovina,11.118172947655923,0.7547872348407619,3.567506788447013,3.2304391861810946,1.601957612263059,0.8961697755614632,0.8140703517587939,0.4824120603015075,0.6482412060301508
BC,Botswana,23.262761207431357,0.652769185746142,4.399929537755183,3.6444059564027595,1.3854348853387866,1.011010045313768,0.7135678391959799,0.5477386934673367,0.6306532663316583
BR,Brazil,25.281784206742184,0.3306383610168587,6.839432845813874,2.1715355529734297,0.7017456243134302,0.6024148473237478,0.3768844221105528,0.3065326633165829,0.3417085427135679
BX,Brunei,27.706797320990923,0.07241329719810276,10.576620789257355,3.4549221055808257,0.15368971190939815,0.9584445301386142,0.02512562814070352,0.5226130653266332,0.27386934673366836
BU,Bulgaria,12.122277874557483,0.8581598382970398,2.3651357790945666,5.667128833488584,1.8213552403127322,1.5721421398398845,0.864321608040201,0.7688442211055276,0.8165829145728642
UV,Burkina Faso,28.658785733848855,0.2879423430920917,6.646842123102466,3.2984819407360675,0.6111277551037976,0.9150458034213776,0.3417085427135678,0.49748743718592964,0.41959798994974873
BM,Burma,27.370216789098723,0.20614175896332596,14.319719305631748,36.966021908845036,0.4375145004224477,10.254900231263068,0.21608040201005024,0.9899497487437185,0.6030150753768844
CB,Cambodia,28.99015648990916,0.2502307459200175,7.814601073052019,5.264307233437783,0.5310888019103887,1.4603936988065176,0.3015075376884422,0.7386934673366834,0.5201005025125628
CM,Cameroon,26.920317508913076,0.40660324963085226,11.139086390153297,4.976943729080258,0.8629732205983303,1.3806749756352954,0.49246231155778897,0.7135678391959799,0.6030150753768844
CA,Canada,0.9525945379403882,1.1417316071888275,2.2926821572380485,0.4366206806945287,2.4232069050337683,0.12112478671547851,0.949748743718593,0.01507537688442211,0.4824120603015075
CV,Cape Verde,24.45191783767001,0.24842912375410234,5.275826743904752,12.865964290669249,0.5272650457445619,3.569201481975986,0.2964824120603015,0.9346733668341709,0.6155778894472362
CJ,Cayman Islands [United Kingdom],28.206059627558478,0.23825466542079982,2.965132665581769,3.4606886543476003,0.5056708133233871,0.9600442527819597,0.271356783919598,0.5276381909547738,0.39949748743718594
CT,Central African Republic,24.811355456011825,0.17017812576344654,8.064487429550967,3.2627177201502637,0.36118541944463045,0.905124299969892,0.1507537688442211,0.48743718592964824,0.31909547738693467
CD,Chad,29.91402366459697,0.39798154298327865,7.75534276304435,4.490001186403328,0.844674542563992,1.245590188697087,0.4824120603015075,0.678391959798995,0.5804020100502513
CI,Chile,14.208655982903673,0.34719788106269284,2.111340379224627,2.4387019846180507,0.7368914879003301,0.6765306152690835,0.4020100502512563,0.34673366834170855,0.3743718592964824
CH,China,11.30974823743213,0.36717204055033237,3.22789715088393,2.3520820097969377,0.7792845695036923,0.6525010022905636,0.44221105527638194,0.33668341708542715,0.38944723618090454
KT,Christmas Island [Australia],24.800432216752498,0.10303475911845479,5.2945765203671815,4.774334305927652,0.21868058848706093,1.3244682400155616,0.06532663316582915,0.6884422110552764,0.37688442211055273
CK,Cocos (Keeling) Islands [Australia],27.071570762574453,0.12167684023909663,3.4897296466973886,5.604652753647677,0.25824647193226524,1.5548103867183611,0.08542713567839195,0.7587939698492462,0.4221105527638191
CO,Colombia,24.646144766987813,0.2420517663676413,5.767541092041423,2.2995105233082374,0.513729766211756,0.6379169242342277,0.2864321608040201,0.3316582914572864,0.30904522613065327
CF,Congo (Brazzaville),25.80817167627153,0.14394429982353563,7.7058057705611125,3.1098011337819096,0.3055068451082606,0.862703064036534,0.10050251256281408,0.457286432160804,0.27889447236180903
CG,Congo (Kinshasa),25.873254984012245,0.27836090127320856,10.294657906347505,8.962232666436398,0.590792138721184,2.486250808115251,0.3316582914572864,0.8844221105527639,0.6080402010050252
CW,Cook Islands [New Zealand],24.74925850179108,0.26956432620116627,6.073667982506063,6.530269747544254,0.5721223205949214,1.811589705525717,0.32160804020100503,0.8040201005025126,0.5628140703517588
CS,Costa Rica,25.93910973699575,0.1987826713199427,10.177701812063052,4.053999419344988,0.42189560025369227,1.1246370974268618,0.20603015075376885,0.5979899497487438,0.4020100502512563
IV,Cote D'Ivoire,26.721805097484047,0.14453665514940442,7.583690091035752,2.8666732583593633,0.30676405784270794,0.7952559334784959,0.10552763819095477,0.4271356783919598,0.2663316582914573
HR,Croatia,14.272062197784004,0.7963064105139065,2.9485035361136513,1.1671254216301967,1.6900777558668563,0.32377719154369405,0.8341708542713567,0.1708542713567839,0.5025125628140703
CU,Cuba,26.2451538265341,0.4602469005694565,4.780254203068794,2.790932635081437,0.9768263052875662,0.7742444073509586,0.5678391959798995,0.3969849246231156,0.4824120603015075
UC,Curacao,28.010599561319452,0.18446455068906772,2.617798402350829,2.0477638909545695,0.39150687442585025,0.5680788279221762,0.1708542713567839,0.2814070351758794,0.22613065326633164
CY,Cyprus,20.331326452093,0.5328843050060464,1.254066610527885,1.6427764633061441,1.1309916615641264,0.4557295555094815,0.6331658291457286,0.22613065326633167,0.4296482412060301
EZ,Czech Republic,8.132104094073936,0.7512248841345711,2.068679547742228,1.7062155957780956,1.594396892409951,0.47332847312799,0.8090452261306532,0.24120603015075376,0.5251256281407035
DA,Denmark,8.591869308468802,0.7233074096625236,2.157074467722353,0.6676403706056948,1.535144948708106,0.18521293440251643,0.7939698492462312,0.06030150753768844,0.4271356783919598
DR,Dominican Republic,27.10885246080505,0.16263287841649626,6.043875811432528,3.381630659295953,0.34517141461530304,0.938112440542668,0.1306532663316583,0.5125628140703518,0.32160804020100503
EC,Ecuador,20.756453602745868,1.3892185688175898,6.306710636845357,5.987823029332647,2.948472309397282,1.661107270879292,0.9748743718592965,0.7788944723618091,0.8768844221105527
EG,Egypt,23.28479887585586,0.3291218082181002,3.316881551897305,6.367560901864528,0.6985268983092968,1.766451957587784,0.37185929648241206,0.7989949748743719,0.585427135678392
ES,El Salvador,27.10022301214144,0.3567315711199357,8.775747967668813,9.415330106007657,0.7571257561221276,2.6119464820858447,0.4221105527638191,0.8944723618090452,0.6582914572864321
EK,Equatorial Guinea,26.566838503539124,0.19623047306244495,42.065233156260646,6.632767380590138,0.4164788241903483,1.840024006717717,0.19095477386934673,0.8090452261306532,0.5
ER,Eritrea,16.864232804232802,0.911408760713748,4.869999999999999,0.7242212223117401,1.9343705546592276,0.20090926739382894,0.8844221105527639,0.08040201005025126,0.4824120603015076
EN,Estonia,6.75204213717041,1.2004337144059607,1.9029182594998983,0.9706822398615078,2.5477960384631486,0.2692810589839782,0.9597989949748744,0.11557788944723618,0.5376884422110553
ET,Ethiopia,20.943582517861316,0.6937109608523431,5.904330984208971,4.0159582354985925,1.4723295561327063,1.1140839319825007,0.7437185929648241,0.592964824120603,0.6683417085427136
EU,Europa Island [France],25.455055460422592,0.45225153143374447,1.7162383807992512,6.3105725984700145,0.9598569636524905,1.750642591703059,0.5477386934673367,0.7939698492462312,0.670854271356784
FK,Falkland Islands (Islas Malvinas) [United Kingdom],5.835351498644414,0.3972932361761867,1.5942369989302438,1.5772379103529974,0.8432136827636457,0.4375482287902259,0.47738693467336685,0.21608040201005024,0.34673366834170855
FM,Federated States of Micronesia,27.729717817160573,0.09405579329504195,9.939794218981323,1.5062218976913473,0.199623664910312,0.4178473768439936,0.04522613065326633,0.20603015075376885,0.12562814070351758
FJ,Fiji,25.89319801688894,0.3819007562228336,8.269038184776688,3.380044117225673,0.8105447407165765,0.9376723112075844,0.4623115577889447,0.507537688442211,0.4849246231155779
FI,Finland,3.458361932907357,1.169055855872766,1.7117006174507512,0.33489854968486826,2.4811997885353536,0.09290562081799958,0.9547738693467337,0.010050251256281407,0.4824120603015076
FR,France,12.288944584008881,0.623703681979901,2.0556918051156208,0.5953411705400347,1.3237463685444961,0.16515610802012254,0.6934673366834171,0.04020100502512563,0.36683417085427134
FG,French Guiana [France],25.830872845949745,1.2186168458282156,9.079740080608191,4.065138815310447,2.5863878487801397,1.1277273242990962,0.964824120603015,0.6080402010050251,0.7864321608040201
FP,French Polynesia,25.12106250959926,0.2329262852364041,4.5991667406141215,1.5734128793408195,0.49436187909210644,0.4364871107854783,0.2562814070351759,0.21105527638190955,0.23366834170854273
FS,French Southern and Antarctic Lands [France],16.40482504020755,2.0773225899868772,4.034997741006506,1.017141112629907,4.408901717657634,0.28216941105690924,0.9899497487437185,0.135678391959799,0.5628140703517588
GB,Gabon,26.3898278242574,0.16615733250151427,10.661195828519991,7.706383770126501,0.3526517028209685,2.137860462814982,0.1407035175879397,0.8592964824120602,0.5
GA,"Gambia, The",26.263290731598204,0.21946298240118142,10.647873776831382,10.359098567211136,0.46578741536573204,2.8737612760855904,0.23618090452261306,0.9045226130653267,0.5703517587939698
GG,Georgia,12.25806877434912,0.6993796841631981,3.89862605672195,3.432227231506321,1.4843608333462817,0.9521486492897355,0.7537688442211056,0.5175879396984925,0.635678391959799
GM,Germany,10.03178948021156,0.8447360097608471,2.1279075994743004,0.4380966272364056,1.7928645566914003,0.12153423527802464,0.8542713567839196,0.020100502512562814,0.4371859296482412
GH,Ghana,27.702174379672872,0.18700716723394661,7.006200958261322,6.1515844344102355,0.39690331429806675,1.7065370137643465,0.18090452261306533,0.7889447236180904,0.4849246231155779
GI,Gibraltar [United Kingdom],18.441034790662542,0.29190093650574844,2.993275930585209,3.5195842413136758,0.6195294590014525,0.9763827262560087,0.34673366834170855,0.5376884422110553,0.44221105527638194
GR,Greece,17.923752492287143,0.6750209884668078,1.754635792152853,1.2010629197591751,1.4326620284455016,0.33319193620487375,0.7336683417085427,0.17587939698492464,0.45477386934673364
GL,Greenland [Denmark],-5.180401382951483,0.6634729304441572,2.598229251847469,2.281648627234268,1.4081524731664654,0.632961780220316,0.7236180904522613,0.32160804020100503,0.5226130653266332
GP,Guadeloupe [France],26.814797765864455,0.08655664190856219,3.7767451883282632,1.818388618156004,0.1837074939755733,0.5044468649300965,0.035175879396984924,0.25125628140703515,0.14321608040201003
GQ,Guam [United States],27.760724003372857,0.40225071356258857,7.314662249100208,3.8601359173947496,0.8537354142797383,1.0708566047385946,0.48743718592964824,0.5728643216080402,0.5301507537688442
GV,Guinea,27.27557574587716,0.44245085710777854,15.345139325154328,12.134226790766553,0.9390560490144673,3.3662070922772522,0.5326633165829145,0.9246231155778895,0.728643216080402
PU,Guinea-Bissau,28.10675470923293,0.2101995144219702,20.542897727272727,42.71495689027085,0.4461266654745614,11.849736560038645,0.23115577889447236,0.9949748743718593,0.6130653266331658
GY,Guyana,27.371981570505035,0.19626936946068432,6.962786377164988,3.662735673894415,0.41656137776090824,1.0160949696425932,0.19597989949748743,0.5527638190954773,0.37437185929648237
HO,Honduras,25.690232502707637,0.3394333791671592,4.250054971643396,3.663440987288165,0.7204121380347945,1.016290633609425,0.39195979899497485,0.5577889447236181,0.4748743718592965
HU,Hungary,11.412397400659598,0.8231206658289175,1.9334261135882376,0.6867501636604466,1.7469882313442395,0.19051426278726408,0.8442211055276382,0.07035175879396985,0.457286432160804
IC,Iceland,5.058571143790185,0.27699110028458457,3.2707086820164704,0.9046495386554336,0.5878848782115721,0.2509626485112768,0.32663316582914576,0.10552763819095477,0.21608040201005027
IN,India,26.14946349062211,0.2331209606573888,9.332313844439641,4.139423701289102,0.4947750574795665,1.1483350081954147,0.2613065326633166,0.6231155778894473,0.44221105527638194
ID,Indonesia,27.307862232511894,0.06281934762287489,12.770549141502022,7.349053419458922,0.13332754911136585,2.0387319413653566,0.010050251256281407,0.8442211055276382,0.4271356783919598
IR,Iran,18.458838786092567,0.424990615701847,0.7998560971224423,1.0872034827804775,0.9019984977721179,0.30160570900727135,0.5226130653266332,0.15577889447236182,0.3391959798994975
IZ,Iraq,25.100762069434253,1.768857361813289,5.87012935976785,10.87800463283986,3.7542162677965325,3.017713198895725,0.9849246231155779,0.914572864321608,0.949748743718593
EI,Ireland,10.138446108644615,0.45721618850976736,3.5267357880709613,0.7393463835292611,0.9703939333150583,0.20510520223501708,0.5577889447236181,0.08542713567839195,0.32160804020100503
IS,Israel,21.32015858232417,0.41907130711072144,1.1156275101270743,1.7485800440041201,0.8894353792942489,0.48508097359941454,0.5175879396984925,0.24623115577889448,0.38190954773869346
IT,Italy,14.639258371299725,0.592654138192158,2.2266925698614295,1.6724940757811044,1.257846932608005,0.46397364387239887,0.6683417085427136,0.23115577889447236,0.44974874371859297
JM,Jamaica,27.628962406176484,0.16324277835237494,5.488321797509561,13.251738665731585,0.34646586396460305,3.6762207803413185,0.135678391959799,0.9396984924623115,0.5376884422110553
JN,Jan Mayen [Norway],0.6449879336791112,0.41434823219430866,1.7753708576175422,0.6450103106387709,0.8794111427062621,0.17893503390890728,0.5125628140703518,0.05025125628140704,0.2814070351758794
JA,Japan,14.529775470901344,0.4457494578401707,6.124254471073043,2.1998037733838562,0.946056986906835,0.6102568537138083,0.5376884422110553,0.3165829145728643,0.42713567839195976
JO,Jordan,20.17231493238112,0.5778156182660286,3.4208515247640907,8.139338548015656,1.226353713256733,2.257968275953501,0.6582914572864321,0.864321608040201,0.7613065326633166
JU,Juan De Nova Island [France],27.44162487072315,0.32289934191761754,4.930487926884823,7.013105948533654,0.6853203590397083,1.94553533487686,0.36683417085427134,0.8291457286432161,0.5979899497487438
KZ,Kazakhstan,7.356440006852324,0.9635767617038213,7.360162364597653,14.899069541933459,2.0450917254011065,4.133213794763768,0.9095477386934674,0.9597989949748744,0.9346733668341709
KE,Kenya,24.23046621466166,0.35345689674089714,5.223134029131888,3.0836616203105844,0.7501755994328848,0.855451591227174,0.41708542713567837,0.4472361809045226,0.4321608040201005
KR,Kiribati,28.53574385558997,0.15073374117501998,5.758354250214938,5.069982891466647,0.31991673011157357,1.4064853625420999,0.11557788944723618,0.7236180904522613,0.41959798994974873
KN,"Korea, North",9.28465323802673,0.6653604334925541,14.214131485650988,3.954535703230398,1.4121585025969805,1.0970444479418564,0.7286432160804021,0.5829145728643216,0.6557788944723618
KS,"Korea, South",13.80400894484803,0.649410537788916,10.40808220022724,4.455733486103714,1.3783065034403765,1.2360838412574324,0.7085427135678392,0.6733668341708543,0.6909547738693467
KU,Kuwait,25.851322835967817,0.8246860686482644,3.1617148963746784,11.067357988956452,1.7503106364498848,3.0702425129836404,0.8492462311557789,0.9195979899497487,0.8844221105527639
KG,Kyrgyzstan,8.328405571177022,0.515111603710363,4.483631396626955,12.51223451746852,1.0932709466170802,3.4710718119253166,0.628140703517588,0.9296482412060302,0.7788944723618091
LA,Laos,27.0538767079593,0.3662342515691519,10.3941256643485,2.609076474358061,0.777294209667499,0.723794921894896,0.4371859296482412,0.35678391959798994,0.3969849246231156
LG,Latvia,7.168825735910949,1.1346433166439887,3.1732113600259635,1.3826990768197802,2.4081627436170314,0.38358038951585466,0.9447236180904522,0.19095477386934673,0.5678391959798995
LE,Lebanon,18.779499826822452,0.6253260819499095,4.643993377563864,2.8603437901996647,1.327189744190136,0.7935000489893635,0.6984924623115578,0.4221105527638191,0.5603015075376885
LI,Liberia,25.793014363539868,0.3032430715471142,11.41251836734694,22.55629039931458,0.6436019641129953,6.257435766357666,0.35175879396984927,0.9798994974874372,0.6658291457286433
LY,Libya,21.91065001073105,0.5674520031380025,3.4644662050660044,4.393931003891294,1.2043580151598932,1.2189389536983755,0.6532663316582915,0.6683417085427136,0.6608040201005025
LH,Lithuania,7.775168721588604,1.072726363117049,2.9109902854549428,0.8756454813755111,2.2767504323694188,0.24291651050808863,0.9346733668341709,0.09547738693467336,0.5150753768844222
LU,Luxembourg,10.042947616506847,0.7512067850836063,2.36716503980914,0.5560099367680572,1.5943584790516832,0.1542450643785127,0.8040201005025126,0.02512562814070352,0.41457286432160806
MC,Macau S.A.R,23.160615320354196,0.4537948118305518,6.8275771275436234,6.87200623774419,0.963132416211043,1.9063922682960386,0.5527638190954773,0.8190954773869347,0.6859296482412061
MK,Macedonia,11.815221040655208,0.864303230506439,5.3439299560385765,6.977131065803076,1.8343939530263103,1.9355553907502459,0.8693467336683417,0.8241206030150754,0.8467336683417086
MA,Madagascar,24.51159915873394,0.17120140622734015,8.803889468504495,1.859432660881355,0.36335722608489546,0.515833066136006,0.15577889447236182,0.2562814070351759,0.20603015075376885
MI,Malawi,23.804032589616018,0.7209009196300347,6.6175591447447095,5.353297893540138,1.5300374232381049,1.4850809735994142,0.7788944723618091,0.7487437185929648,0.7638190954773869
MY,Malaysia,27.35649646517577,0.06637023018888383,8.310321312592663,1.351075704595595,0.14086392902652206,0.37480761629360215,0.020100502512562814,0.18592964824120603,0.10301507537688442
MV,Maldives,28.877196161372666,0.0940779901110872,1.212462141052175,3.193922867608682,0.19967077534990388,0.8860396294316869,0.05025125628140704,0.47738693467336685,0.26381909547738697
ML,Mali,29.442613842177355,0.3834271583646141,6.637122834383759,3.192108241361464,0.813784370929607,0.8855362263019658,0.46733668341708545,0.4723618090452261,0.46984924623115576
MT,Malta,19.06443891810375,0.7160922457318175,1.520810074790243,1.9802941962257499,1.519831511690376,0.5493617750084498,0.7688442211055276,0.271356783919598,0.5201005025125628
RM,Marshall Islands,28.199493590677402,0.04587637973383329,7.464098169749022,1.687311517412312,0.09736785725210315,0.46808421292376434,0.0,0.23618090452261306,0.11809045226130653
MB,Martinique [France],26.838142992731367,0.3139479325199477,4.830862621726766,2.680677429389955,0.6663219211181852,0.7436580451740482,0.36180904522613067,0.38190954773869346,0.37185929648241206
MR,Mauritania,27.395211784158278,1.3530535983085699,4.164282925158041,8.44866848849919,2.8717159108654284,2.343780800926391,0.9698492462311558,0.8743718592964824,0.9221105527638191
MP,Mauritius,25.13265429695986,0.18617013165033355,4.372178040897363,2.6292636982630744,0.39512679309711285,0.7293951449213978,0.17587939698492464,0.37185929648241206,0.27386934673366836
MF,Mayotte [France],27.18171242688768,0.4760173652642416,3.4058441609155428,2.1245544885199465,1.0102974807401646,0.5893816318504396,0.5778894472361809,0.2964824120603015,0.4371859296482412
MX,Mexico,22.574764878523098,0.15722034359069384,2.1037304987014314,1.431991688442778,0.3336838708869537,0.3972548610502474,0.12060301507537688,0.19597989949748743,0.15829145728643215
MD,Moldova,11.065765113752164,0.9432290441796868,5.201886684521484,3.125488203276906,2.001905805614264,0.8670548802257027,0.8994974874371859,0.4623115577889447,0.6809045226130653
MG,Mongolia,0.4697190818037542,0.977540333791522,4.128378523817258,2.893992326114072,2.074727958723197,0.802834631422421,0.914572864321608,0.4321608040201005,0.6733668341708543
MJ,Montenegro,14.029811191453106,0.8054302630380821,11.58021193614652,4.363116607635116,1.7094421864369522,1.2103906019154076,0.8391959798994975,0.6582914572864321,0.7487437185929648
MO,Morocco,18.408498219486557,0.4133545299643336,2.4098358109078473,2.6207371264480948,0.8773021127993543,0.7270297526297163,0.507537688442211,0.36180904522613067,0.43467336683417085
MZ,Mozambique,24.74657068034963,0.25069343893990165,7.306150933128193,5.291603284601983,0.532070819850187,1.4679660116208793,0.3065326633165829,0.7437185929648241,0.5251256281407035
WA,Namibia,21.639010907788148,0.3890317088886966,3.7911894242251285,3.3312341039461386,0.8256794480598674,0.9241317193174822,0.4723618090452261,0.5025125628140703,0.48743718592964824
NP,Nepal,19.24809074538734,0.7363358170432869,3.3219982356908324,3.820523153218033,1.562796391943869,1.0598674605586096,0.7989949748743719,0.5678391959798995,0.6834170854271358
NL,Netherlands,10.709628470100137,0.694722475435837,2.374850601095579,4.390444890178041,1.4744763909122918,1.2179718561726423,0.7487437185929648,0.6633165829145728,0.7060301507537688
NC,New Caledonia [France],23.695117034032574,0.4884075304592141,4.988608868714868,25.638163457606858,1.0365943211411162,7.112391185042921,0.592964824120603,0.9849246231155779,0.7889447236180904
NZ,New Zealand,12.82152210685689,0.17603826876661338,2.864422185027014,1.0431169045924367,0.3736229650992728,0.2893754651911803,0.16080402010050251,0.1457286432160804,0.15326633165829145
NU,Nicaragua,28.000853408709126,0.18308481192462425,2.4768723699600566,5.516341251464982,0.3885785220179019,1.5303115199917843,0.1658291457286432,0.7537688442211056,0.4597989949748744
NG,Niger,29.479648362571925,0.23792974244595752,5.428936406808615,4.0569306494863495,0.5049811980133752,1.1254502623578533,0.2663316582914573,0.6030150753768844,0.4346733668341708
NI,Nigeria,27.452596839491516,0.505470254967349,14.51727505425684,18.11321203810696,1.0728081840021126,5.024862636735465,0.6231155778894473,0.9698492462311558,0.7964824120603016
NE,Niue [New Zealand],24.058032238507288,0.34426842076697356,5.602584851496125,4.9147898416960984,0.7306740122940555,1.3634326032836952,0.3969849246231156,0.7035175879396985,0.550251256281407
NF,Norfolk Island [Australia],19.40872917710567,0.498684751418458,3.2621058600634307,4.705584652589127,1.058406656576338,1.3053961083791357,0.6080402010050251,0.6834170854271356,0.6457286432160804
NO,Norway,4.6156264097202,0.6866256769263263,3.5518533688366443,0.575131196585729,1.4572917759525443,0.1595495738063818,0.7386934673366834,0.03015075376884422,0.3844221105527638
MU,Oman,26.99789468835021,0.4740684155557557,2.677412066383249,5.607697958302225,1.0061610371474408,1.555655169800327,0.5728643216080402,0.7638190954773869,0.6683417085427136
PK,Pakistan,23.463163274260783,0.5334919335938103,3.346646204137959,7.189959776891312,1.1322812902126584,1.9945971021883908,0.6381909547738693,0.8391959798994975,0.7386934673366834
PP,Papua New Guinea,27.67342295198237,0.16904648557832314,8.492294342781507,2.792641004776544,0.3587836305361526,0.7747183334018773,0.1457286432160804,0.4020100502512563,0.27386934673366836
PA,Paraguay,23.71774844518716,0.5028772414521191,9.163081806929531,2.9297622663109553,1.0673047817879777,0.812757721575368,0.6130653266331658,0.4371859296482412,0.5251256281407035
PE,Peru,20.9042941213452,0.19093069836527918,6.132580659950501,3.0808412739298507,0.4052306021384809,0.8546691870284385,0.18592964824120603,0.44221105527638194,0.314070351758794
RP,Philippines,27.035788953947687,0.10551014007436144,10.516903724658432,4.217016776292786,0.22393432779599645,1.1698604307783973,0.07035175879396985,0.6381909547738693,0.3542713567839196
PL,Poland,8.892205857858096,0.9254381277255606,1.9719148575156982,1.1197881125017097,1.964146430882872,0.3106451487308065,0.8944723618090452,0.16080402010050251,0.5276381909547738
PO,Portugal,17.348596085442747,0.614615050681357,4.7208841558625165,2.664370638865727,1.3044566913723241,0.7391343095573127,0.6884422110552764,0.3768844221105528,0.5326633165829145
RQ,Puerto Rico [United States],26.997542460591635,0.33142395092854704,4.790628319651592,2.149754858365636,0.7034129574121567,0.5963725728609637,0.38190954773869346,0.3015075376884422,0.3417085427135678
QA,Qatar,28.024354050068837,1.0755591601756378,5.979083943739093,8.260161856387581,2.2827627502817114,2.2914863801200935,0.9396984924623115,0.8693467336683417,0.9045226130653266
RE,Reunion [France],24.232978075705834,0.3038912238027836,4.440915455974756,4.930519565702033,0.644977600043158,1.3677962524408571,0.35678391959798994,0.7085427135678392,0.5326633165829145
RO,Romania,10.372937636674491,0.7903922855830031,1.6876955983449224,0.6637313616173766,1.6775256391701105,0.18412851971280045,0.8291457286432161,0.05527638190954774,0.44221105527638194
RS,Russia,0.4375280866395408,0.7744518139749857,1.4952501891761507,0.31520501478927804,1.643693641678905,0.0874423541442639,0.8190954773869347,0.005025125628140704,0.4120603015075377
RW,Rwanda,21.311138132387416,0.2063674293997326,6.497321158779447,13.284437515339333,0.43799346251504406,3.6852919062858795,0.22110552763819097,0.9447236180904522,0.5829145728643216
SB,Saint Pierre and Miquelon [France],6.395322566183729,0.7002374893322744,5.317438153242183,21.308112535600763,1.486181435837963,5.911173474601745,0.7587939698492462,0.9748743718592965,0.8668341708542713
SA,Saudi Arabia,25.69617046041668,0.37220749418577787,10.738487358808383,6.140928165671366,0.7899717975199444,1.7035808132561039,0.4472361809045226,0.7839195979899497,0.6155778894472361
SG,Senegal,28.427861305556394,0.26210662382757466,8.32189982871792,4.824262261483346,0.5562941208905533,1.3383189649931408,0.3165829145728643,0.6934673366834171,0.5050251256281407
RI,Serbia,12.757018104510745,0.888916842627188,1.8396138765299697,1.0167490647914912,1.8866337915954439,0.28206065141058456,0.8793969849246231,0.1306532663316583,0.5050251256281407
SE,Seychelles,27.51536277916958,0.11955937214683815,6.479198220606528,4.264117192769933,0.25375236555030817,1.1829267562005688,0.08040201005025126,0.6432160804020101,0.36180904522613067
SL,Sierra Leone,27.484252516793315,0.3573142422648815,31.35685049019608,65.68135717833226,0.7583624151871009,18.22094264237253,0.4271356783919598,1.0,0.7135678391959799
SN,Singapore,27.873211426102515,0.11639138706048495,6.212664607607215,4.20152786443334,0.24702864581796527,1.1655635863356513,0.07537688442211055,0.628140703517588,0.35175879396984927
NN,Sint Maarten,27.019831981922756,0.14974382627488872,3.3922972108160914,3.5569918350992458,0.3178157384194016,0.9867601248061851,0.11055276381909548,0.542713567839196,0.32663316582914576
LO,Slovakia,9.657571073785164,0.7790244387681778,2.0837587303431584,1.1492734394825481,1.6533985634864687,0.3188247977939457,0.8241206030150754,0.1658291457286432,0.4949748743718593
SI,Slovenia,5.27827961725219,0.6021398677989335,3.669588093641966,0.9325957431065355,1.2779794097485981,0.2587153230943094,0.678391959798995,0.11055276381909548,0.39447236180904527
BP,Solomon Islands,27.36006223266868,0.15882817918275446,9.30104189190776,4.887305928974647,0.33709633515115445,1.355808175001468,0.12562814070351758,0.6984924623115578,0.4120603015075377
SF,South Africa,17.147537376178793,0.20844858870717878,3.9434425463008598,1.2359935288558959,0.44241050726752834,0.3428821839731469,0.22613065326633167,0.18090452261306533,0.20351758793969849
SP,Spain,16.090312497634976,0.37443185430603354,1.6497808831941139,0.6834520529613607,0.7946927711434711,0.18959931997155646,0.45226130653266333,0.06532663316582915,0.25879396984924624
CE,Sri Lanka,25.381899659525,0.3377028522668558,4.637685565569095,2.7884584196065463,0.7167392741955539,0.7735580247883929,0.3869346733668342,0.39195979899497485,0.3894472361809045
SU,Sudan,29.522368562333327,1.4256617419930064,15.474278931573341,10.156286083583485,3.0258191642307457,2.817498208602027,0.9798994974874372,0.8994974874371859,0.9396984924623115
NS,Suriname,26.584124060555894,0.19924256829216636,6.813895811139342,3.127256963406116,0.42287168387236374,0.8675455594419519,0.21105527638190955,0.46733668341708545,0.3391959798994975
SV,Svalbard [Norway],-3.2407578408897897,1.0461312162535705,1.2063566870585658,0.8225608196997777,2.2203049918524083,0.22819007035617322,0.9246231155778895,0.09045226130653267,0.507537688442211
WZ,Swaziland,22.272969471326366,0.3780640281786783,6.276834376095796,3.475038359157451,0.802401683424657,0.9640250649866369,0.457286432160804,0.5326633165829145,0.4949748743718593
SW,Sweden,5.375201359533622,1.0165875990312543,1.8655050560530497,0.3148937117869141,2.1576017288420575,0.08735599426386328,0.9195979899497487,0.0,0.45979899497487436
SZ,Switzerland,8.18298203257711,0.5785914873599659,3.631432544410749,1.0148675993912912,1.2280004149281185,0.2815387061491983,0.6633165829145728,0.12562814070351758,0.3944723618090452
SY,Syria,19.460154631619897,0.7213181045268348,4.766346446873201,7.575330501638117,1.5309228549071912,2.1015044222152297,0.7839195979899497,0.8542713567839196,0.8190954773869347
TI,Tajikistan,11.664213044713415,0.6052169663154251,4.950337635120057,5.016357143959018,1.2845102321640263,1.3916088174847576,0.6834170854271356,0.7185929648241206,0.7010050251256281
TZ,Tanzania,24.56359887605291,0.14228144727788247,7.217190349451568,4.135433955739131,0.30197761306693965,1.1472281960352106,0.09547738693467336,0.6180904522613065,0.35678391959798994
TH,Thailand,27.740615240698205,0.241760714137763,8.378515342117883,2.6252880281172923,0.5131120380445355,0.728292237478505,0.2814070351758794,0.36683417085427134,0.3241206030150754
TO,Togo,27.514209068360568,0.126838077176074,7.028807505609543,1.8939255232603722,0.2692006619585824,0.5254018767388823,0.09045226130653267,0.2613065326633166,0.17587939698492464
TD,Trinidad and Tobago,27.055613051993756,0.08006821230006729,4.313894078718752,2.0778180154649193,0.16993647517296426,0.5764162695097941,0.03015075376884422,0.2914572864321608,0.16080402010050251
TE,Tromelin Island [France],26.901299554914853,0.3488675035252727,4.100898283904466,8.703196413309222,0.740435088388088,2.4143904673231087,0.40703517587939697,0.8793969849246231,0.6432160804020101
TS,Tunisia,20.052788863034404,0.6417707996141246,1.101022202305722,2.0305639011991223,1.3620919516304406,0.5633073061350657,0.7035175879396985,0.27638190954773867,0.4899497487437186
TU,Turkey,14.269247613866616,0.71598884236855,2.6953642609840327,2.183058796177988,1.5196120487778175,0.6056115588794224,0.7638190954773869,0.31155778894472363,0.5376884422110553
TX,Turkmenistan,17.2854870667605,0.7194250311387586,3.9621298863053322,4.069431535020507,1.5269050030085152,1.1289181858003958,0.7738693467336684,0.6130653266331658,0.6934673366834171
TV,Tuvalu,28.831143659949213,0.058440533387677955,9.222212912853928,5.2498656795451994,0.12403397010927865,1.4563874063599556,0.005025125628140704,0.7336683417085427,0.3693467336683417
UP,Ukraine,9.208156149546761,0.917300925768148,3.171441695667156,2.5255276174710977,1.9468760637959817,0.7006172807106583,0.8894472361809045,0.35175879396984927,0.6206030150753769
AE,United Arab Emirates,28.555681195442272,0.4896525245502,0.9521153189927745,2.077370379049209,1.0392366919566456,0.5762920888015126,0.5979899497487438,0.2864321608040201,0.44221105527638194
UK,United Kingdom,9.665403914163909,0.47789843569130835,2.622982280323398,0.7018184705192169,1.014289857599159,0.19469442542071672,0.5829145728643216,0.07537688442211055,0.32914572864321606
US,United States,8.464897578283123,0.28558008386634065,2.688406184293985,0.6059393485692123,0.6061141049330592,0.1680961933392944,0.33668341708542715,0.04522613065326633,0.19095477386934673
UY,Uruguay,18.498559987556202,0.42805327980009755,6.032859875352827,3.26590633493575,0.9084986846321041,0.906008867061848,0.5276381909547738,0.49246231155778897,0.5100502512562815
UZ,Uzbekistan,14.586584406546622,0.8467127900003851,4.328124883941858,3.6803572165327987,1.7970600676994362,1.0209834361950174,0.8592964824120602,0.5628140703517588,0.7110552763819096
NH,Vanuatu,25.874032680105586,0.23863688602383876,10.072541847330344,4.334736364036669,0.5064820369057933,1.2025175186997268,0.27638190954773867,0.6532663316582915,0.4648241206030151
VE,Venezuela,27.8621585713226,0.4573197847469119,5.552459232796028,4.313413827653442,0.9706138055824138,1.1966023438446487,0.5628140703517588,0.6482412060301508,0.6055276381909548
VM,Vietnam,25.16928115459398,0.2603923723516173,5.102241000999361,2.795266106325297,0.5526557999512459,0.7754465739073279,0.31155778894472363,0.40703517587939697,0.3592964824120603
VQ,Virgin Islands [United States],26.505984873107092,3.146032389618375,2.913831589259441,2.4166279000673554,6.6771274106650065,0.6704069502633643,1.0,0.3417085427135678,0.6708542713567839
WQ,Wake Island [United States],27.165365028325798,0.4087852369688766,3.2361133952523815,6.75319444020176,0.8676042623868776,1.8734321858425054,0.49748743718592964,0.8140703517587939,0.6557788944723618
WF,Wallis and Futuna [France],27.30993525322002,0.09860988163360448,8.367306688118,4.015133724238128,0.20928924501570131,1.1138552008321358,0.06030150753768844,0.5879396984924623,0.3241206030150754
WI,Western Sahara,21.18989973155451,0.5040710691424165,0.6809151287992584,1.0483777394206975,1.0698385572255098,0.290834895595404,0.6180904522613065,0.1507537688442211,0.3844221105527638
ZA,Zambia,25.21612712742035,0.8825682354439949,8.070669311398477,10.44282211804702,1.8731595313868306,2.8969873798558647,0.8743718592964824,0.9095477386934674,0.8919597989949749
ZI,Zimbabwe,19.65314037206784,0.2297031995003749,5.493713141078852,3.8605497618006384,0.4875212139463879,1.0709714110627406,0.25125628140703515,0.5778894472361809,0.414572864321608
